<?xml version="1.0" encoding="UTF-8"?>
<metadata>
  <idinfo>
    <citation>
      <citeinfo>
        <origin/>
        <origin/>
        <pubdate>20130313</pubdate>
        <title>Air Monitoring Stations: California, 2002-2004</title>
        <geoform>vector digital data</geoform>
        <pubinfo>
          <pubplace/>
          <publish>California. Air Resources Board</publish>
        </pubinfo>
        <onlink>http://purl.stanford.edu/bs277kf6370</onlink>
        <lworkcit>
          <citeinfo>
            <origin/>
            <origin/>
            <pubdate>20130313</pubdate>
            <title>California Air Resources Board GIS Data</title>
            <edition>version 2</edition>
            <pubinfo>
              <pubplace/>
              <publish>California. Air Resources Board</publish>
            </pubinfo>
          </citeinfo>
        </lworkcit>
      </citeinfo>
    </citation>
    <descript>
      <abstract>This point shapefile represents all air monitoring stations active in California from 2001 until 2003. The data within the shapefile was obtained from the Air Resources Board's Ambient Air Quality Data Summaries (ADAM) database.</abstract>
      <purpose>Developed for the California Air Resources Board (ARB) GIS data library.</purpose>
      <supplinf>ADAM is the official database that stores regulatory air quality data for ARB.</supplinf>
    </descript>
    <timeperd>
      <timeinfo>
        <rngdates>
          <begdate>20020101</begdate>
          <enddate>20041231</enddate>
        </rngdates>
      </timeinfo>
      <current>ground condition</current>
    </timeperd>
    <status>
      <progress>Complete</progress>
      <update>As needed</update>
    </status>
    <spdom>
      <bounding>
        <westbc>-124.218200</westbc>
        <eastbc>-113.986876</eastbc>
        <northbc>41.832343</northbc>
        <southbc>32.264000</southbc>
      </bounding>
    </spdom>
    <keywords>
      <theme>
        <themekt>lcsh</themekt>
        <themekey>Air quality monitoring stations</themekey>
        <themekey>Air quality management</themekey>
      </theme>
      <theme>
        <themekt>ISO 19115 Topic Categories</themekt>
        <themekey>climatologyMeteorologyAtmosphere</themekey>
        <themekey>location</themekey>
      </theme>
      <place>
        <placekt>lcsh</placekt>
        <placekey>California</placekey>
      </place>
      <temporal>
        <tempkt>None</tempkt>
        <tempkey>2002-2004</tempkey>
      </temporal>
    </keywords>
    <accconst>None</accconst>
    <useconst>No restrictions on access or use.</useconst>
    <ptcontac>
      <cntinfo>
        <cntorgp>
          <cntorg>California Air Resources Board</cntorg>
          <cntper>Pheng Timothy Lee</cntper>
        </cntorgp>
        <cntpos>Air Pollution Specialist</cntpos>
        <cntaddr>
          <addrtype>mailing</addrtype>
          <address>1001 I Street</address>
          <city>Sacramento</city>
          <state>CA</state>
          <postal>95812</postal>
          <country>US</country>
        </cntaddr>
        <cntvoice>916-445-6059</cntvoice>
        <cntemail>plee@arb.ca.gov</cntemail>
        <hours>M-F 8-5</hours>
      </cntinfo>
    </ptcontac>
    <browse>
      <browsen>AirMonitoringStations.shp</browsen>
      <browsed>An GIS shapefile of air monitoring stations for the past 3 years in California.</browsed>
      <browset>.shp</browset>
    </browse>
    <datacred>Teale Data Center GIS Lab. California Air Resources Board. (2013). Air Monitoring Stations: California, 2002-2004. California Air Resources Board. Available at: http://purl.stanford.edu/bs277kf6370.</datacred>
    <native> Version 6.2 (Build 9200) ; Esri ArcGIS 10.4.1.5686</native>
  </idinfo>
  <dataqual>
    <complete>As good as it gets. Data is obtianed from CARB database ADAM.</complete>
  </dataqual>
  <spdoinfo>
    <direct>Vector</direct>
    <ptvctinf>
      <sdtsterm>
        <sdtstype>Entity point</sdtstype>
        <ptvctcnt>296</ptvctcnt>
      </sdtsterm>
    </ptvctinf>
  </spdoinfo>
  <eainfo>
    <detailed>
      <enttyp>
        <enttypl>airmonitoringstations</enttypl>
      </enttyp>
      <attr>
        <attrlabl>FID</attrlabl>
        <attrdef>Internal feature number.</attrdef>
        <attrdefs>ESRI</attrdefs>
        <attrdomv>
          <udom>Sequential unique whole numbers that are automatically generated.</udom>
        </attrdomv>
      </attr>
      <attr>
        <attrlabl>Shape</attrlabl>
        <attrdef>Feature geometry.</attrdef>
        <attrdefs>ESRI</attrdefs>
        <attrdomv>
          <udom>Coordinates defining the features.</udom>
        </attrdomv>
      </attr>
      <attr>
        <attrlabl>ADAMSITEID</attrlabl>
      </attr>
      <attr>
        <attrlabl>AIRSSITEID</attrlabl>
      </attr>
      <attr>
        <attrlabl>SITENAME</attrlabl>
      </attr>
      <attr>
        <attrlabl>SITEADDRES</attrlabl>
      </attr>
      <attr>
        <attrlabl>ZIPCODE</attrlabl>
      </attr>
      <attr>
        <attrlabl>AIRBASIN</attrlabl>
      </attr>
      <attr>
        <attrlabl>COUNTY</attrlabl>
      </attr>
      <attr>
        <attrlabl>AIRDISTRIC</attrlabl>
      </attr>
      <attr>
        <attrlabl>LONGITUDE</attrlabl>
      </attr>
      <attr>
        <attrlabl>LATITUDE</attrlabl>
      </attr>
      <attr>
        <attrlabl>X_COORD</attrlabl>
      </attr>
      <attr>
        <attrlabl>Y_COORD</attrlabl>
      </attr>
    </detailed>
  </eainfo>
  <distinfo>
    <distrib>
      <cntinfo>
        <cntorgp>
          <cntorg>Stanford Geospatial Center</cntorg>
        </cntorgp>
        <cntaddr>
          <addrtype>mailing and physical</addrtype>
          <address>Mitchell Bldg. 2nd floor</address>
          <address>397 Panama Mall</address>
          <city>Stanford</city>
          <state>California</state>
          <postal>94305</postal>
          <country>US</country>
        </cntaddr>
        <cntvoice>650-723-2746</cntvoice>
        <cntemail>brannerlibrary@stanford.edu</cntemail>
      </cntinfo>
    </distrib>
    <distliab>No restrictions on access or use.</distliab>
  </distinfo>
  <metainfo>
    <metd>20171121</metd>
    <metc>
      <cntinfo>
        <cntorgp>
          <cntorg>California Air Resources Board</cntorg>
          <cntper>Pheng Timothy Lee</cntper>
        </cntorgp>
        <cntpos>Air Pollution Specialist</cntpos>
        <cntvoice>916-445-6059</cntvoice>
        <cntemail>plee@arb.ca.gov</cntemail>
        <hours>M-F 8-5</hours>
      </cntinfo>
    </metc>
    <metstdn>FGDC Content Standard for Digital Geospatial Metadata</metstdn>
    <metstdv>FGDC-STD-001-1998</metstdv>
    <mettc>local time</mettc>
  </metainfo>
</metadata>
